{"properties":{"connectionReferences":{"shared_sql":{"runtimeSource":"embedded","connection":{},"api":{"name":"shared_sql"}}},"definition":{"$schema":"https://schema.management.azure.com/providers/Microsoft.Logic/schemas/2016-06-01/workflowdefinition.json#","contentVersion":"1.0.0.0","parameters":{"$connections":{"defaultValue":{},"type":"Object"},"$authentication":{"defaultValue":{},"type":"SecureObject"}},"triggers":{"Recurrence":{"recurrence":{"frequency":"Minute","interval":5},"type":"Recurrence"}},"actions":{"Change_In_Use_Spots_To_Not_Sanitised":{"runAfter":{},"type":"OpenApiConnection","inputs":{"host":{"connectionName":"shared_sql","operationId":"ExecuteProcedure_V2","apiId":"/providers/Microsoft.PowerApps/apis/shared_sql"},"parameters":{"server":"default","database":"default","procedure":"[dbo].[ans_booking_spots_update_not_sanitised_sp]","parameters/current_date":"@convertFromUtc(utcNow(),'GMT Standard Time', 'yyyy-MM-dd')","parameters/current_time":"@convertFromUtc(utcNow(),'GMT Standard Time','HH:mm:ss')"},"authentication":"@parameters('$authentication')"}}},"outputs":{}}},"schemaVersion":"1.0.0.0"}