{"properties":{"connectionReferences":{"shared_sql":{"runtimeSource":"invoker","connection":{},"api":{"name":"shared_sql"}}},"definition":{"$schema":"https://schema.management.azure.com/providers/Microsoft.Logic/schemas/2016-06-01/workflowdefinition.json#","contentVersion":"1.0.0.0","parameters":{"$connections":{"defaultValue":{},"type":"Object"},"$authentication":{"defaultValue":{},"type":"SecureObject"}},"triggers":{"manual":{"type":"Request","kind":"PowerApp","inputs":{"schema":{"type":"object","properties":{"ReserveSpot_date":{"type":"string","x-ms-powerflows-param-ispartial":false},"ReserveSpot_option_id":{"type":"integer"},"ReserveSpot_outlook_id":{"type":"string"},"ReserveSpot_spot_id":{"type":"integer"},"ReserveSpot_user_id":{"type":"integer"}},"required":["ReserveSpot_date","ReserveSpot_option_id","ReserveSpot_outlook_id","ReserveSpot_spot_id","ReserveSpot_user_id"]}}}},"actions":{"Reserve_Spot":{"runAfter":{},"type":"OpenApiConnection","inputs":{"host":{"connectionName":"shared_sql","operationId":"ExecuteProcedure_V2","apiId":"/providers/Microsoft.PowerApps/apis/shared_sql"},"parameters":{"server":"default","database":"default","procedure":"[dbo].[ans_booking_spots_reservation_sp]","parameters/date":"@triggerBody()['ReserveSpot_date']","parameters/option_id":"@triggerBody()['ReserveSpot_option_id']","parameters/outlook_id":"@triggerBody()['ReserveSpot_outlook_id']","parameters/spot_id":"@triggerBody()['ReserveSpot_spot_id']","parameters/user_id":"@triggerBody()['ReserveSpot_user_id']"},"authentication":{"type":"Raw","value":"@json(decodeBase64(triggerOutputs().headers['X-MS-APIM-Tokens']))['$ConnectionKey']"}}}},"outputs":{}}},"schemaVersion":"1.0.0.0"}