{"properties":{"connectionReferences":{"shared_sql_1":{"runtimeSource":"invoker","connection":{},"api":{"name":"shared_sql"}}},"definition":{"$schema":"https://schema.management.azure.com/providers/Microsoft.Logic/schemas/2016-06-01/workflowdefinition.json#","contentVersion":"1.0.0.0","parameters":{"$connections":{"defaultValue":{},"type":"Object"},"$authentication":{"defaultValue":{},"type":"SecureObject"}},"triggers":{"manual":{"type":"Request","kind":"PowerApp","inputs":{"schema":{"type":"object","properties":{"UpdateSpaceCapacity_space_id":{"type":"integer"}},"required":["UpdateSpaceCapacity_space_id"]}}}},"actions":{"Update_Space_Capacity":{"runAfter":{},"type":"OpenApiConnection","inputs":{"host":{"connectionName":"shared_sql_1","operationId":"ExecuteProcedure_V2","apiId":"/providers/Microsoft.PowerApps/apis/shared_sql"},"parameters":{"server":"default","database":"default","procedure":"[dbo].[ans_booking_spaces_update_capacity_sp]","parameters/space_id":"@triggerBody()['UpdateSpaceCapacity_space_id']"},"authentication":{"type":"Raw","value":"@json(decodeBase64(triggerOutputs().headers['X-MS-APIM-Tokens']))['$ConnectionKey']"}}}},"outputs":{}}},"schemaVersion":"1.0.0.0"}